Workbook

Sheet Dashboard

Sheet Analysis Sheet
A1: Student Performance Analysis
B9: Import the csv file into excel
B11: Data is from: | D11: A to O columns
D12: 2 to 10001 Rows
B16: 1. Check for missing values: | E16: COUNTIF(a2:2100, "")
B18: A | C18: B | D18: =C18 -> B | E18: =D18 -> B
B19: =COUNTIF('Student Performance Dataset'!A$1:A$10001,"") -> 0 | C19: =COUNTIF('Student Performance Dataset'!B$1:B$10001,"") -> 0 | D19: =COUNTIF('Student Performance Dataset'!C$1:C$10001,"") -> 0 | E19: =COUNTIF('Student Performance Dataset'!D$1:D$10001,"") -> 0 | F19: =COUNTIF('Student Performance Dataset'!E$1:E$10001,"") -> 0 | G19: =COUNTIF('Student Performance Dataset'!F$1:F$10001,"") -> 0 | H19: =COUNTIF('Student Performance Dataset'!G$1:G$10001,"") -> 0 | I19: =COUNTIF('Student Performance Dataset'!H$1:H$10001,"") -> 0 | ... P19: =COUNTIF('Student Performance Dataset'!O$1:O$10001,"") -> 0
B21: Another way is to use this: | E21: COUNTBLANK('Student Performance Dataset'!A$1:O$10001)
B22: =COUNTBLANK('Student Performance Dataset'!A$1:O$10001) -> 0
B25: 2. Check for Duplicates:
C26: Data Tab > Remove Duplicates
B29: 3. Covert the types of columns properly.
B32: a. Pivot table : Final grade by gender
C34: Count of Final_Grade | D34: Column Labels
C35: Row Labels | D35: A | E35: B | F35: C | G35: D | H35: Grand Total
C36: Female | D36: 1302 | E36: 1197 | F36: 1161 | G36: 1186 | H36: 4846
C37: Male | D37: 1262 | E37: 1168 | F37: 1168 | G37: 1150 | H37: 4748
C38: Other | D38: 114 | E38: 90 | F38: 111 | G38: 91 | H38: 406
C39: Grand Total | D39: 2678 | E39: 2455 | F39: 2440 | G39: 2427 | H39: 10000
B41: Grade distribution is relatively balanced between male and female
B42: female students have a slight edge in top grades
B43: Consistency Across Grades for Both Genders i.e, students have a fairly even distribution across Grades A to D.
B46: Question: count the number of female students who scored grade 'A'?
C48: =COUNTIFS(Student_Performance_Dataset[Gender],"Female",Student_Performance_Dataset[Final_Grade],"A") -> 1302 | E48: COUNTIFS(Student_Performance_Dataset[Gender],"Female",Student_Performance_Dataset[Final_Grade],"A")
B52: b. Let's Bin the Study Hours and group Grades achieved based on that.
B53: you can achive bins like this: select any number in the column > right click > group > min number max number and by means bin size
B54: =MAX(Student_Performance_Dataset[Study_Hours_per_Week]) -> 49
B60: Count of Final_Grade | C60: Column Labels
B61: Row Labels | C61: A | D61: B | E61: C | F61: D | G61: Grand Total
B62: 4-7 | C62: 165 | D62: 170 | E62: 157 | F62: 151 | G62: 643
B63: 8-11 | C63: 247 | D63: 209 | E63: 200 | F63: 228 | G63: 884
B64: 12-15 | C64: 232 | D64: 224 | E64: 214 | F64: 226 | G64: 896
B65: >20 | C65: 1752 | D65: 1592 | E65: 1564 | F65: 1564 | G65: 6472
B66: 16-20 | C66: 282 | D66: 260 | E66: 305 | F66: 258 | G66: 1105
B67: Grand Total | C67: 2678 | D67: 2455 | E67: 2440 | F67: 2427 | G67: 10000
B71: Highest Performance Correlates with 20+ Study Hours
B72: Minimal Study Time Results in Poorer Performance
B73: Distribution of Top Performers Is Skewed Toward 20+ Group
B74: 6–10, 11–15, and 16–20 Groups Show Moderate Performance
B80: Exam Score by Learning Style
B82: Row Labels | C82: Average of Exam_Score (%)
B83: Auditory | C83: 70.493106
B84: Kinesthetic | C84: 70.348189
B85: Reading/Writing | C85: 69.81225
B86: Visual | C86: 70.105826
B87: Grand Total | C87: 70.1889
B89: Analysis shows that there is no significant difference of learning styles on the exam score.
B90: Students who are studying using the Auditory method have a slightly better average score than the other students.
B91: Students who are studying using the Reading/Writing method have the least average score than the other students.
B95: Impact Of Stress Level And Social Media Usage Have On Grades
B98: Count of Final_Grade | C98: Column Labels
B99: Row Labels | C99: A | D99: B | E99: C | F99: D | G99: Grand Total
B100: High | C100: 578 | D100: 506 | E100: 490 | F100: 445 | G100: 2019
B101: Low | C101: 776 | D101: 732 | E101: 732 | F101: 726 | G101: 2966
B102: Medium | C102: 1324 | D102: 1217 | E102: 1218 | F102: 1256 | G102: 5015
B103: Grand Total | C103: 2678 | D103: 2455 | E103: 2440 | F103: 2427 | G103: 10000
B107: Students with medium stress levels spend the most time on social media, across all grade categories (A to D).
B108: Students with high stress levels spend significantly less time on social media, suggesting a potential link between high stress and reduced engagement in online social activities.
B109: Despite high time spent on social media, students with medium stress still show substantial academic engagement, especially in grade A and B brackets.
B114: Technology Usage vs Participation in Discussion
B117: Row Labels | C117: Count of Participation_in_Discussions
B118: No | C118: 2978
B119: Yes | C119: 7022
B120: Grand Total | C120: 10000
B125: Students who utilize technology in their studies demonstrate significantly higher participation in discussions
B126: A total of 7,022 students who utilized educational technology actively participated in discussions, whereas only 2,978 students who did not use technology engaged in discussions
B127: Encouraging or increasing access to educational technology can foster more active classroom participation.
B135: Impact of Attendance on Grades.
B138: Count of Final_Grade | C138: Column Labels
B139: Row Labels | C139: A | D139: B | E139: C | F139: D | G139: Grand Total
B140: 50-59 | C140: 482 | D140: 488 | E140: 467 | F140: 517 | G140: 1954
B141: 60-69 | C141: 540 | D141: 487 | E141: 511 | F141: 435 | G141: 1973
B142: 70-80 | C142: 583 | D142: 531 | E142: 512 | F142: 502 | G142: 2128
B143: >80 | C143: 1073 | D143: 949 | E143: 950 | F143: 973 | G143: 3945
B144: Grand Total | C144: 2678 | D144: 2455 | E144: 2440 | F144: 2427 | G144: 10000
B149: There is a clear positive correlation between attendance percentage and final grades.
B150: Students with 80%+ attendance scored the highest number of A grades (1,073), indicating a strong positive correlation between attendance and academic performance.
B151: The 0–50% attendance group has the lowest number of students scoring high grades, showing that poor attendance significantly impacts academic outcomes.
B152: Students in the 51–80% range show relatively similar performance in grades B and C, suggesting moderate attendance yields moderate results.
B156: Question: Students whose study hours per week is more than 24 hours per week and still got ‘C’ grade.
C157: {=COUNTIF(Student_Performance_Dataset[Student_ID], AND(Student_Performance_Dataset[Study_Hours_per_Week] > 24, Student_Performance_Dataset[Final_Grade] = "C"))} -> 0
C158: COUNTIF(Student_Performance_Dataset[Student_ID], AND(Student_Performance_Dataset[Study_Hours_per_Week] > 24, Student_Performance_Dataset[Final_Grade] = "C"))
E159: AND works as an aggregate in excel. Does not evaluate row by row
C161: To make this work, use this:
C162: COUNTIFS(Student_Performance_Dataset[Study_Hours_per_Week], ">24", Student_Performance_Dataset[Final_Grade], "C")
C163: =COUNTIFS(Student_Performance_Dataset[Study_Hours_per_Week], ">24", Student_Performance_Dataset[Final_Grade], "C") -> 1363
B165: To Highlight All The Cells Where The Students Whose Study Hours Per Week Is More Than 24 Hours Per Week And Still Got ‘C’ Grade.
B170: Participation In Discussion Of Students Having Stress
B173: Row Labels | C173: Count of Participation_in_Discussions
B174: High | C174: 2019
B175: Low | C175: 2966
B176: Medium | C176: 5015
B177: Grand Total | C177: 10000
B185: Usage Of Technology By Different Age Groups
B188: Row Labels | C188: Count of Use_of_Educational_Tech
B189: 18-20 | C189: 2533
B190: 21-23 | C190: 2498
B191: 24-26 | C191: 2462
B192: 27-29 | C192: 2507
B193: Grand Total | C193: 10000
...

Sheet Student Performance Dataset
A1: Student_ID | B1: Age | C1: Gender | D1: Study_Hours_per_Week | E1: Preferred_Learning_Style | F1: Online_Courses_Completed | G1: Participation_in_Discussions | H1: Assignment_Completion_Rate (%) | I1: Exam_Score (%) | J1: Attendance_Rate (%) | K1: Use_of_Educational_Tech | L1: Self_Reported_Stress_Level | M1: Time_Spent_on_Social_Media (hours/week) | N1: Sleep_Hours_per_Night | O1: Final_Grade
A2: S00016 | B2: 25 | C2: Female | D2: 28 | E2: Reading/Writing | F2: 13 | G2: Yes | H2: 85 | I2: 90 | J2: 76 | K2: Yes | L2: Medium | M2: 5 | N2: 8 | O2: A
A3: S00017 | B3: 19 | C3: Male | D3: 11 | E3: Visual | F3: 20 | G3: Yes | H3: 81 | I3: 93 | J3: 93 | K3: No | L3: Medium | M3: 6 | N3: 9 | O3: A
A4: S00018 | B4: 18 | C4: Male | D4: 8 | E4: Kinesthetic | F4: 9 | G4: Yes | H4: 52 | I4: 97 | J4: 69 | K4: No | L4: Low | M4: 1 | N4: 5 | O4: A
A5: S00021 | B5: 19 | C5: Male | D5: 30 | E5: Reading/Writing | F5: 0 | G5: Yes | H5: 89 | I5: 97 | J5: 90 | K5: Yes | L5: Low | M5: 26 | N5: 10 | O5: A
A6: S00024 | B6: 25 | C6: Male | D6: 41 | E6: Reading/Writing | F6: 6 | G6: Yes | H6: 68 | I6: 93 | J6: 100 | K6: No | L6: Medium | M6: 23 | N6: 7 | O6: A
A7: S00029 | B7: 24 | C7: Female | D7: 39 | E7: Kinesthetic | F7: 9 | G7: No | H7: 79 | I7: 90 | J7: 91 | K7: Yes | L7: Medium | M7: 21 | N7: 6 | O7: A
A8: S00034 | B8: 25 | C8: Other | D8: 6 | E8: Visual | F8: 10 | G8: Yes | H8: 96 | I8: 100 | J8: 71 | K8: Yes | L8: Medium | M8: 2 | N8: 7 | O8: A
A9: S00039 | B9: 21 | C9: Female | D9: 20 | E9: Kinesthetic | F9: 1 | G9: Yes | H9: 64 | I9: 99 | J9: 62 | K9: No | L9: High | M9: 2 | N9: 4 | O9: A
A10: S00043 | B10: 25 | C10: Other | D10: 24 | E10: Auditory | F10: 19 | G10: No | H10: 90 | I10: 93 | J10: 54 | K10: Yes | L10: High | M10: 17 | N10: 9 | O10: A
A11: S00046 | B11: 28 | C11: Other | D11: 6 | E11: Visual | F11: 13 | G11: No | H11: 81 | I11: 92 | J11: 90 | K11: No | L11: Medium | M11: 6 | N11: 10 | O11: A
A12: S00052 | B12: 21 | C12: Female | D12: 33 | E12: Visual | F12: 9 | G12: Yes | H12: 99 | I12: 87 | J12: 79 | K12: No | L12: High | M12: 21 | N12: 7 | O12: A
A13: S00055 | B13: 25 | C13: Male | D13: 39 | E13: Reading/Writing | F13: 15 | G13: Yes | H13: 88 | I13: 89 | J13: 63 | K13: No | L13: Medium | M13: 5 | N13: 5 | O13: A
... A10001: S10000 | B10001: 24 | C10001: Male | D10001: 8 | E10001: Visual | F10001: 20 | G10001: Yes | H10001: 87 | I10001: 40 | J10001: 81 | K10001: No | L10001: High | M10001: 17 | N10001: 4 | O10001: D
